{
    "BLEU-1": [
        0.4273284194685321,
        0.4291910362818577,
        0.4235519109885628
    ],
    "BLEU-2": [
        0.14554766362022034,
        0.14659727908121722,
        0.14323657684156607
    ],
    "BLEU-3": [
        0.06625496189551229,
        0.06722938505575014,
        0.06443736752833515
    ],
    "BLEU-4": [
        0.03097594360509797,
        0.032022130439856925,
        0.03010873208620335
    ],
    "BLEU": [
        0.06389057504028603,
        0.0638720765315831,
        0.061883515656813805
    ],
    "rouge1": [
        0.30362139048269077,
        0.3022815073138497,
        0.3000130272981327
    ],
    "rouge2": [
        0.06983096904935758,
        0.06962070753065877,
        0.06832680990921437
    ],
    "rougeL": [
        0.180259917619656,
        0.18087135856164854,
        0.17917427941384367
    ],
    "rougeLSum": [
        0.180259917619656,
        0.18087135856164854,
        0.17917427941384367
    ],
    "METEOR": [
        0.21895752927712764,
        0.21786163211464696,
        0.21694576747166636
    ],
    "BERTSCORE": [
        0.8343022709778646,
        0.8339464215421865,
        0.8333023880781393
    ]
}