{
    "BLEU-1": [
        0.4019435229254608,
        0.40300273435133577,
        0.396320723992477
    ],
    "BLEU-2": [
        0.0945209807698746,
        0.09518434193631124,
        0.09274894299522464
    ],
    "BLEU-3": [
        0.03417754003852611,
        0.03452796081095962,
        0.032208516039796194
    ],
    "BLEU-4": [
        0.016305625952547722,
        0.015237476662942555,
        0.014257134951872832
    ],
    "BLEU": [
        0.02135670082314519,
        0.020606469233646493,
        0.02077720259331768
    ],
    "rouge1": [
        0.2133611138197077,
        0.21429833304475654,
        0.212668541495769
    ],
    "rouge2": [
        0.048196238110187896,
        0.04800117097189347,
        0.04745149019247174
    ],
    "rougeL": [
        0.12548536208668906,
        0.12656888825586762,
        0.1263902290715511
    ],
    "rougeLSum": [
        0.12548536208668906,
        0.12656888825586762,
        0.1264203718403219
    ],
    "METEOR": [
        0.1427930245347959,
        0.14496056378101302,
        0.14555422069120444
    ],
    "BERTSCORE": [
        0.8170226288163218,
        0.81733071242451,
        0.8161393338880742
    ]
}