{
    "BLEU-1": [
        0.45483537738872865,
        0.4600129997522005,
        0.4618577105054744
    ],
    "BLEU-2": [
        0.1691097676884933,
        0.16880300545864507,
        0.1707927038350916
    ],
    "BLEU-3": [
        0.08171125181269423,
        0.08004868796614495,
        0.08193945925824066
    ],
    "BLEU-4": [
        0.041923534089000354,
        0.03942388129508826,
        0.04098917860846189
    ],
    "BLEU": [
        0.08183860107695105,
        0.0791159058424965,
        0.08054402279195047
    ],
    "rouge1": [
        0.34781969610093644,
        0.34749481974098306,
        0.34805108015214586
    ],
    "rouge2": [
        0.09691656847986475,
        0.09573647163448981,
        0.0967124775647283
    ],
    "rougeL": [
        0.20699260617757434,
        0.20715752205300164,
        0.20649547404880594
    ],
    "rougeLSum": [
        0.20699260617757434,
        0.20715752205300164,
        0.20649547404880594
    ],
    "METEOR": [
        0.24859624879795755,
        0.24637075865353744,
        0.24823301167563155
    ],
    "BERTSCORE": [
        0.8440549462209106,
        0.8448097448103984,
        0.8448855225747753
    ]
}